CityTown,Location,County,StateTerritory,Country,Date,EstimateText,EstimateLow,BestGuess,EstimateHigh,AdjustedLow,AdjustedHigh,Actor,Claim,Pro(2)/Anti(1),EventType,ReportedArrests,ReportedParticipantInjuries,ReportedPoliceInjuries,ReportedPropertyDamage,TownsCities,Events,Source1,Source2,Source3,Misc.,
Graham,,,NC,US,2020-02-01,50,50,,50,,,general protesters,"against racism, against police violence",0,protest,,,,,1,1,https://www.heraldsun.com/news/local/article243950637.html,,,,
Ashland,Memorial Park; streets of Ashland; Highway 13 to Enbridge Bunker,,WI,US,2020-07-01,,,,,,,"""Water Protectors""; general protesters","express concern about the recloation of Enbridge Line 5 Pipeline; in support of water, clean air, clean resources, clean food, self-sustainability, and move tward green energy",0,protest,0,0,0,0,1,1,https://kbjr6.com/2020/07/01/protesters-march-in-ashland-opposing-line-5-relocation/,,,,
New York,Brooklyn; outside Sen. Schumer home,Kings,NY,US,2020-07-01,,,,,,,IfNotNow,against Israeli occupation and annexation,1,protest,,,,,1,1,https://www.ifnotnowmovement.org/press-release-wake-up-chuck-and-nancy,,,,
New York,Brooklyn; Bay Ridge to Barclays Center,Kings,NY,US,2020-07-01,300; several thousand,300,,3000,,,general protestors,against Israeli occupation and annexation,1,protest,,,,,0,1,https://twitter.com/protest_nyc/status/1278422096595554304,https://www.flickr.com/photos/joegaza/50067497176/in/album-72157714939064997/,,,
New York,Brooklyn; Bay Ridge,Kings,NY,US,2020-07-01,,,,,,,general protestors,pro-Trump; support Israeli occupation and annexation,2,counter-protest,,,,,0,1,https://twitter.com/protest_nyc/status/1278422096595554304,,,,
Provo,,,UT,US,2020-07-01,about one-third of up to 300,100,,100,,,general protestors,against Black Lives Matter,2,counterprotest,0,0,0,0,1,1,"http://midutahradio.com/news/local-news/opposing-groups-protest-in-provo-following-shooting/#:~:text=Opposing%20groups%20protest%20in%20Provo%20following%20shooting.%20PROVO%2C,as%20the%20car%20began%20slowly%20accelerating%20through%20protesters.",,,,
Richmond,John Marshal Courts Building to the Executive Mansion,,VA,US,2020-07-01,,,,,,,general protestors,protest end to eviction moratorium,0,protest,2,0,0,1,1,1,https://www.usnews.com/news/best-states/virginia/articles/2020-07-02/court-window-smashed-at-least-2-arrests-in-virginia-protest,,,,
Roslyn,,,NY,US,2020-07-01,,,,,,,Pgh LGBTQ+ coalition,BLM,0,Protest,2,,,,1,1,https://docs.google.com/document/d/1gj1p6FoLpoO6UPPXlTgyfZkIReWo7uYfZueyiO5NtW4/edit#,,,,
Saint Louis,Old Courthouse,,MO,US,2020-07-01,dozens ,24,,24,,,general protesers,against police brutality,0,protest,,,,,1,1,https://www.ksdk.com/article/news/local/protests/activists-reparations-downtown-st-louis-protest/63-87bb68db-65fe-4d9b-88f0-4aed8cef5088,,,,
Saint Paul,Interstate 94,,MN,US,2020-07-01,,,,,,,general protesters,"for justice for Oromos in Ethiopia, against killing of Hachalu Hundessa",0,roadblock,,,,,1,1,https://www.twincities.com/2020/07/05/hachalu-hundessa-mn-st-paul-rally-ethiopians-oromo/,,,,
San Francisco,outside US Speaker Pelosi's home,San Francisco,CA,US,2020-07-01,,,,,,,IfNotNow,against Israeli occupation and annexation,1,protest,,,,,1,1,https://www.ifnotnowmovement.org/press-release-wake-up-chuck-and-nancy,,,,
Fountain Valley,Fountain Valley Regional Hospital,,CA,US,2020-07-02,at least 40,40,,40,,,healthcare workers,protest lack of personal protective equipment,0,protest,0,0,0,0,1,1,https://www.ocregister.com/2020/07/02/fountain-valley-hospital-workers-protest-for-widespread-patient-testing-and-protection-against-coronavirus-spread/,,,,
Glen Falls,Centennial Circle,,NY,US,2020-07-02,about three dozen,36,,36,,,general protesters,"against a city law restricting gatherings of more than 25 people due to COVID-19, for the First Amendment, for President Trump",2,protest,0,0,0,0,1,1,https://poststar.com/blogs/i_think_not/blog-experiencing-anger-and-cordiality-at-a-rally/article_f68fd95b-42bb-5d6e-8420-6e9c08e3333e.html,https://poststar.com/news/local/apex-return-to-centennial-circle-in-a-peaceful-rally/article_14f12a14-0a39-597f-a05f-8b62eeb2dcb1.html,,,
Lyle,highway 14 at Fourth Street ,,WA,US,2020-07-02,about 30,30,,30,,,general protesters,BLM,0,protest,,,,,1,1,https://www.thedalleschronicle.com/free_news/blm-gathering-in-lyle-draws-counter-protest-roadside-debate/article_5d484c1e-c07a-11ea-9b03-eb806abfdc23.html,,,,
Novato,DeLong Avenue Overpass,,CA,US,2020-07-02,more than 50,50,,50,,,Trump supporters,pro Trump,2,rally,0,0,0,0,1,1,https://www.mercurynews.com/2020/07/03/marin-conservatives-stage-novato-flag-wave-to-support-trump/,,,,
Pittsburgh,Pittsburgh City-County Building,,PA,US,2020-07-02,more than 40,40,,40,,,general protesters,against county-mandated bar closures and ban on on-site alcohol consumption at restaurants due to COVID-19,0,protest,,,,,1,1,https://www.pghcitypaper.com/pittsburgh/dozens-protest-in-downtown-pittsburgh-some-for-bars-to-reopen-others-to-ease-on-site-alcohol-restrictions/Content?oid=17579254,,,,
Windsor,,,NH,US,2020-07-02,,6,,6,,,general protesters,support for Windsor High School principal who was placed on paid leave after a Facebook post questioning the methods of the Black Lives Matter movement,0,rally,,,,,1,1,https://vtdigger.org/2020/07/03/lawsuit-and-protest-after-windsor-principal-ousted-over-black-lives-matter-post/?is_wppwa=true&wpappninja_cache=friendly,,,,
Dallas,Trinity Overlook Park,,TX,US,2020-07-03,hundreds,200,,200,,,general protesters,"against sexual harassment in the military, for justive for Vanessa Guillen",1,vigil; march,,,,,1,1,https://www.dmagazine.com/frontburner/2020/07/after-nearly-50-days-of-sustained-protests-the-call-for-justice-continues/,,,Independence for Who?,
Keystone,Mt. Rushmore,Pennington,SD,US,2020-07-03,several thousand,3000,,3000,,,Trump campaign,pro-Trump ,2,rally,0,0,0,0,1,1,https://www.washingtonpost.com/politics/trump-mount-rushmore-fireworks/2020/07/03/af2e84f6-bd25-11ea-bdaf-a129f921026f_story.html,,,,
Keystone,Highway 16A; Iron Mountain Roa,Pennington,SD,US,2020-07-03,arrested,21,,21,,,general protestors,anti-Trump; support Native American claim to land,1,protest; roadblock,21,0,0,0,0,1,https://www.bhpioneer.com/local_news/21-arrested-in-trump-protest-near-keystone/article_ae5db5b0-c06d-11ea-abf1-bb876a96c8f4.html,https://www.argusleader.com/story/news/2020/07/03/keystone-south-dakota-protesters-anti-trump-demonstration-mount-rushmore-rally-fireworks/5373812002/,https://rapidcityjournal.com/news/local/crime-and-courts/police-reports-tilsen-stole-shield-some-protesters-were-violent/article_f4ac146d-7678-5dfe-a536-d5f4c0200f56.html,,
Baltimire,,,MD,US,2020-07-04,,,,,,,general protestors,anti-police violence,0,protest,,,,1,1,1,https://www.baltimoresun.com/maryland/baltimore-city/bs-md-ci-columbus-inner-harbor-baltimore-20200709-whmutg2ggjbdtna7kgew4undvi-story.html,,,,
Berkeley,I 80 Pedestrian Bridge,,CA,US,2020-07-04,,,,,,,National CODEPINK,defund the police; defund the military,1,protest,,,,,1,1,https://www.indybay.org/newsitems/2020/06/27/18834655.php,,,,
College Station,,,TX,US,2020-07-04,,,,,,,general protesters,for justice for slain soldier Vanessa Guillen,0,protest,,,,,1,1,https://www.kbtx.com/2020/07/06/a-second-vanessa-guillen-demonstration-took-place-on-sunday-in-bryan/,,,,
Elizabethton,Covered Bridge Park,,TN,US,2020-07-04,,,,,,,general protesters,"against Black Lives Matter, supporting racism",0,counter-protest,,,,,0,1,https://www.wate.com/news/racist-remarks-go-viral-after-black-lives-matter-protest-in-elizabethton/,,,,
El Paso,Cincinnati Entertainment District,,TX,US,2020-07-04,,,,,,,general protesters,against restrictions on bars due to COVID-19 pandemic,0,protest,,,,,1,1,https://www.foxnews.com/food-drink/texas-protestors-dump-beer-keg-street-bar,,,protesters dumped a keg of beer on the street,
Kaysville,Barnes Park,,UT,US,2020-07-04,,,,,,,general protesters,against Covid restrictions; supporting independence,0,rally; protest,,,,,1,1,https://www.sltrib.com/news/politics/2020/06/30/group-protesting-covid/,,,,
Keene,Central Square,,NH,US,2020-07-04,,,,,,,general protesters,against war,0,demonstration,,,,,1,1,https://www.sentinelsource.com/news/local/dozens-of-rally-goers-gather-in-central-square-on-independence-day/article_ba39491c-4231-51a8-9296-fd679ad06ae1.html,,,article notes that this anti-war demonstration recurs regularly on Saturdays in Keene,
Keene,Central Square,,NH,US,2020-07-04,1,1,,1,,,general protesters,against Black Lives Matter,0,counter-protest,,,,,0,1,https://www.sentinelsource.com/news/local/dozens-of-rally-goers-gather-in-central-square-on-independence-day/article_ba39491c-4231-51a8-9296-fd679ad06ae1.html,,,,
Houston,,,TX,US,2020-07-04,hundreds,200,,200,,,general protesters,for reform of U.S. military's procedures for sexual assault investigations,0,,,,,,1,1,https://theeagle.com/news/state-and-regional/texans-across-the-state-march-to-demand-justice-for-fort-hood-soldier-vanessa-guill-n/article_793a1019-73df-5f34-9fad-f29065cfca89.html,,,,
Mansfield,Bob Evans restaurant on Trimble Rd,Richland,OH,US,2020-07-04,,,,,,,general protesters,"for police, Back the Blue",0,sit-in,,,,,1,1,https://www.mansfieldnewsjournal.com/story/news/2020/07/06/back-blue-demonstrators-protest-alleged-treatment-officers/5382841002/,,,protesting alleged mistreatment of police officer at restaurant on July 3,
Marquette,Harlow Park,,MI,US,2020-07-04,dozens,24,,24,,,Citizens United for Freedom and Firearms,for gun rights,0,open-carry march; rally,,,,,1,1,https://www.miningjournal.net/news/local/2020/07/second-amendment-supporters-rally/,,,,
Milwaukee,Old World 3rd Street,,WI,US,2020-07-04,,,,,,,general protester,for Black LGBTQIA Women's March ,0,march,,1,,1,1,1,https://www.jsonline.com/story/news/local/2020/07/09/milwaukee-police-start-investigation-into-officer-matthew-willmann/5396056002/,,,,
New Braunfels,Main Plaza,,TX,US,2020-07-04,about 300,300,,300,,,Keep New Braunfels OPEN,against governor's order to close or limit bars and other businesses because of COVID-19,2,protest,,,,,1,1,http://herald-zeitung.com/community_alert/article_7e8f1bde-bfc9-11ea-8179-67cb7385ef35.html,,,,
Rapid City,,,SD,US,2020-07-04,,,,,,,Indiginous groups; protesters,"Indiginous rights, anti-trump",1,protest,,,,,1,1,https://www.kotatv.com/2020/07/09/sheriff-demonstrators-broke-their-promise-protester-disagrees/,,,,
San Francisco,Highland Ave Bridge,,CA,US,2020-07-04,,,,,,,National CODEPINK,anti war,0,rally,,,,,1,1,https://www.indybay.org/newsitems/2020/06/27/18834654.php,https://www.codepink.org/sf_indep_from_war_2020,,,
San Francisco,24th St and Mission St,,CA,US,2020-07-04,,,,,,,general protestors,anti Trump/Pence,1,protest,,,,,1,1,https://sf.funcheap.com/trump-pence-4th-july-rally-march/,,,,
San Francisco,Mission High,,CA,US,2020-07-04,,,,,,,NoJusticeNoPeaceSF,anti 4th of July; anti racism; anti Islamophobia,1,protest,,,,,1,1,https://www.instagram.com/p/CCCFqQuAPE7/?igshid=1xk53shiszgvr,,,,
San Jose,Backesto Park,,CA,US,2020-07-04,,,,,,,general protestors,celebrate life of Anthony Nunez; anti police violence,0,rally,,,,,1,1,https://www.instagram.com/p/CCDAWqIhzTU/,,,,
San Jose,City Hall,,CA,US,2020-07-04,,,,,,,general protestors,anti ICE; protest kids in cages at border,1,protest,,,,,0,1,https://www.instagram.com/p/CCDAWqIhzTU/,,,,
Solvgang,Solvgang Park,,CA,US,2020-07-04,approximately 50,50,,50,,,Colors of the Valley,for LGBTQ pride,0,march,,,,,1,1,https://santamariatimes.com/lifestyles/pride-march-on-july-4-draws-festive-crowd-to-solvang-park/article_00a6d619-2514-5485-b263-b1dfa5e7f0f1.html,,,,
Wichita,home of Wichita Mayor Brian Whipple,,KS,US,2020-07-04,roughly 8,8,,8,,,general protesters,against a city ordinance requiring use of masks to prevent spread of COVID-19,0,protest,,,,,1,1,https://www.alvareviewcourier.com/story/2020/07/05/regional/mask-opponents-protest-at-wichita-mayors-home/64468.html,,,,
Athens,,,OH,US,2020-07-05,,,,,,,general protesters,"Back the Blue, support for police",0,protest,,,,,1,1,https://www.athensnews.com/news/local/defend-the-police-and-blm-rallies-take-to-uptown/article_dd6f5e22-39e5-56e0-9100-a04db8b529fb.html,,,,
Austin,,,TX,US,2020-07-05,,,,,,,general protesters,for justice for slain soldier Vanessa Guillen,0,march,,,,,1,1,https://theeagle.com/news/state-and-regional/texans-across-the-state-march-to-demand-justice-for-fort-hood-soldier-vanessa-guill-n/article_793a1019-73df-5f34-9fad-f29065cfca89.html,,,,
Boston,Washington St. near nublin sqaure,,MA,US,2020-07-05,,,,,,,volunteers,"against racism, against police violence",0,Mural,,,,,1,1,https://www.minotdailynews.com/wire/?category=5663&ID=116098,,,,
Charleston,Charleston Battery,,SC,US,2020-07-05,,,,,,,general protesters,support of Confederate flag,0,rally,2,2,,1,1,1,https://www.postandcourier.com/news/2-more-arrested-after-fight-between-protesters-at-charleston-battery/article_225694a0-c1fe-11ea-b41e-3ffa02fe5d90.html,,,,
Cody,City Park ,,WY,US,2020-07-05,About 300,300,,300,,,general protestes and two dozen counter protesters,against racism and excessive force,0,protest,,,,,1,1,https://www.yellowstonegate.com/2020/06/hundreds-gather-in-cody-to-protest-racism-excessive-force/,,,,
El Paso,,,TX,US,2020-07-05,,,,,,,general protesters,for justice for slain soldier Vanessa Guillen,0,march,,,,,1,1,https://theeagle.com/news/state-and-regional/texans-across-the-state-march-to-demand-justice-for-fort-hood-soldier-vanessa-guill-n/article_793a1019-73df-5f34-9fad-f29065cfca89.html,,,,
Gran Chute,,,WI,US,2020-07-05,about 50,50,,50,,,general protesters,demand the arrest of a police officer who posted racist and homophobic posts on social media,0,protest,,,,,1,1,https://www.sheboyganpress.com/story/news/2020/07/05/50-people-gathered-sunday-call-grand-chute-fire-police-officer-racist-social-media-posts/5380343002/,,,,
Fair Oaks,Gov Newsom's House,,CA,US,2020-07-05,FB: 53,53,,53,,,general protestors,pro releasing prisoners during Covid,1,protest,,,,,1,1,https://www.facebook.com/events/1678207449016998,,,,
Fort Lauderdale,,,FL,US,2020-07-05,,,,,,,general protesters,"support for Palestine, against Israeli annexation, Day of Rage",0,protest,,,,,1,1,https://www.wctv.tv/2020/07/06/protesters-gather-for-day-of-rage-march-to-oppose-annexation-of-palestinian-territories/,,,,
Fort Myers,Centennial Park,,FL,US,2020-07-05,,,,,,,general protesters,for police,0,rally,,,,,1,1,https://www.fox4now.com/news/local-news/rally-to-support-police-meets-black-lives-matters-protestors,,,,
Gainesville,University Ave and Southwest 13th St,,FL,US,2020-07-05,more than 100,100,,100,,,general protesters,"support for Palestine, against Israeli occupation",0,protest,,,,,1,1,https://www.alligator.org/news/local/palestine-will-be-free-more-than-100-gather-to-protest-annexation/article_51521ed8-bfaa-11ea-9dec-b76bc72a0c15.html,,,,
Gainesville,University Ave and Southwest 13th St,,FL,US,2020-07-05,7,7,,7,,,general protesters,support for Israel,0,counter-protest,,,,,0,1,https://www.alligator.org/news/local/palestine-will-be-free-more-than-100-gather-to-protest-annexation/article_51521ed8-bfaa-11ea-9dec-b76bc72a0c15.html,,,,
Green Bay,,,WI,US,2020-07-05,around 100,100,,100,,,general protesters,memorial ride and rally for Jonathon Tubby,0,ride; rally,,,,,1,1,https://www.wbay.com/2020/07/06/memorial-ride-and-rally-keeps-jonathon-tubbys-story-alive/,,,Tubby was an Oneida man who was killed by police in 2018 while in custody after a traffic stop,
Hewlett,,,NY,US,2020-07-05,3,3,,3,,,general protesters,for Blue Lives Matter,0,counter-protest,,,,,1,1,"https://www.liherald.com/fivetowns/stories/peaceful-black-lives-matter-protest-in-hewlett,126367",,,,
Houston,Power House Gym,,TX,US,2020-07-05,,,,,,,general protesters,for justice for slain soldier Vanessa Guillen,0,march,,,,,1,1,https://theeagle.com/news/state-and-regional/texans-across-the-state-march-to-demand-justice-for-fort-hood-soldier-vanessa-guill-n/article_793a1019-73df-5f34-9fad-f29065cfca89.html,,,,
Mansfield,Bob Evans restaurant on Trimble Rd,Richland,OH,US,2020-07-05,couple dozen,24,,24,,,general protesters,"for police, Back the Blue",0,sit-in,,,,,1,1,https://www.mansfieldnewsjournal.com/story/news/2020/07/06/back-blue-demonstrators-protest-alleged-treatment-officers/5382841002/,,,protesting alleged mistreatment of police officer at restaurant on July 3,
Orlando,,,FL,US,2020-07-05,,,,,,,general protesters,"support for Palestine, against Israeli annexation, Day of Rage",0,protest,,,,,1,1,https://www.wctv.tv/2020/07/06/protesters-gather-for-day-of-rage-march-to-oppose-annexation-of-palestinian-territories/,,,,
Palo Alto,Foothills Park entrance,,CA,US,2020-07-05,about a dozen,12,,12,,,local teens; Raging Grannies,protest park's policy of not admitting nonresidents,0,mural,0,0,0,0,1,1,https://www.mv-voice.com/news/2020/07/08/activist-group-calls-on-city-to-desegregate-foothills-park,,,,
Pauls Valley,Wicker Park,,OK,US,2020-07-05,a couple dozen or so,24,,24,,,general protesters,antiracism; Black Lives Matter,1,protest,0,0,0,0,1,1,"https://www.paulsvalleydailydemocrat.com/news/local_news/protest-returns-with-holiday-rally/article_1fa16d5b-79f3-51d4-8f4f-b823891a0bf3.html#:~:text=Jul%202%2C%202020%20A%20couple%20dozen%20or%20so,Wacker%20Park.%20%28PV%20Democrat%20photo%20by%20Barry%20Porterfield%29",https://www.paulsvalleydailydemocrat.com/news/local_news/protest-returns-with-holiday-rally/article_ff1281e6-9bdd-5194-aa2e-0a12615e3f04.html,,,
Roanoke,Roanoke Veterans Memorial,,VA,US,2020-07-05,,,,,,,general protesters,"Back the Blue, support for police",0,rally,,,,,1,1,https://www.wdbj7.com/2020/07/06/back-the-blue-rally-held-in-roanoke/,https://www.wsls.com/news/local/2020/07/06/back-the-blue-or-police-reform-dueling-rallies-cover-both-sides-of-debate/,,,
Saint Paul,Oromo Community of Minnesota Center,,MN,US,2020-07-05,more than 500,500,,500,,,general protesters,"for justice for Oromos in Ethiopia, against killing of Hachalu Hundessa",0,rally,,,,,1,1,https://www.twincities.com/2020/07/05/hachalu-hundessa-mn-st-paul-rally-ethiopians-oromo/,,,,
Sacramento,,,CA,US,2020-07-05,dozens,24,,24,,,general protesters,"for justice for slain soldier Vanessa Guillen, against hate crime, against military recruiters at high schools, for closure of Fort Hood",0,rally,,,,,1,1,https://www.kcra.com/article/dozens-gather-in-sacramento-vanessa-guillen-protest/33210061,,,,
Saint Cloud,OP Johnson Park,,FL,US,2020-07-05,40 to 50,40,,50,,,general protesters,,0,protest; roadblock,2,1,,,1,1,https://www.aroundosceola.com/news/police-arrest-two-men-st-cloud-protest-after-blocking-roadways-assaulting-officer,,,,
San Antonio,,,TX,US,2020-07-05,,,,,,,general protesters,for justice for slain soldier Vanessa Guillen,0,march,,,,,1,1,https://theeagle.com/news/state-and-regional/texans-across-the-state-march-to-demand-justice-for-fort-hood-soldier-vanessa-guill-n/article_793a1019-73df-5f34-9fad-f29065cfca89.html,,,,
Pueblo,Abriendo Ave,,CO,US,2020-07-05,dozens of protesters and supporters of the monument,24,,24,,,general protesters,against removal of monument to Christopher Columbus,0,counter-protest,2,,,,0,1,https://www.koaa.com/news/covering-colorado/protesters-counter-protesters-clash-over-christoper-columbus-statue-in-downtown-pueblo,https://www.koaa.com/news/covering-colorado/italian-community-to-meet-with-pueblo-mayor-after-protesters-arrested-during-christopher-columbus-protest,,,
Tallahassee,Florida State University,,FL,US,2020-07-05,about 50,50,,50,,,Dream Defenders,"support for Palestine, against Israeli annexation, Day of Rage",0,march,,,,,1,1,https://www.wctv.tv/2020/07/06/protesters-gather-for-day-of-rage-march-to-oppose-annexation-of-palestinian-territories/,,,,
Tampa,,,FL,US,2020-07-05,,,,,,,general protesters,"support for Palestine, against Israeli annexation, Day of Rage",0,protest,,,,,1,1,https://www.wctv.tv/2020/07/06/protesters-gather-for-day-of-rage-march-to-oppose-annexation-of-palestinian-territories/,,,,
Brainerd,corner of 6th and Washington,,MN,US,2020-07-06,10 to 15,10,,15,,,general protesters,"against Black Lives Matter, support for President Trump, against racism toward whites, against Marxism",2,counter-protest,,,,,0,1,https://www.brainerddispatch.com/news/6563923-Black-Lives-Matter-demonstration-draws-conflicting-groups-in-Brainerd,,,,
Burlington,city police station,,VT,US,2020-07-06,more than 20,20,,20,,,general protesters,supporting Burlington Police Department,0,rally,,,,,1,1,https://vtdigger.org/2020/07/06/police-defenders-and-protesters-exchange-harsh-words-outside-burlington-station/?is_wppwa=true&wpappninja_cache=friendly,,,crowd size estimate from photo,
East Meadow,Broadway at Huntington Station,,NY ,US,2020-07-06,,,,,,,general protesters,BLM,0,protest,,,,,1,1,"https://www.liherald.com/eastmeadow/stories/suv-strikes-black-lives-matter-protesters-in-huntington,126432",,,,
Gloversville,McNab Elementary School,,NY,US,2020-07-06,roughly 20,20,,20,,,students,against Gloversville Enlarged School District graduation plans in response to COVID-19 pandemic,0,protest,,,,,1,1,https://www.leaderherald.com/news/local-news/2020/07/graduates-protest-graduation-plans/,,,,
Houston,Encompass Health Rehabilitation Hospital,,TX,US,2020-07-06,about 30,30,,30,,,nurses,"for hazard pay, for better working conditions, for more personal protective equipment during COVID-19 pandemic",0,strike,,,,,1,1,https://www.click2houston.com/news/local/2020/07/07/nurses-at-humble-hospital-go-on-strike-to-demand-more-ppe-better-work-conditions/?fbclid=IwAR3Baei6diPhgZEto_wtMEgndpO8VPrXLwu2S31VKkANv3bRVa0EDDrWSYk,,,,
Longview,Loop 281 and Judson Rd,,TX,US,2020-07-06,50,50,,50,,,general protesters,justice for murdered soldier Vanessa Guillen,0,protest,,,,,1,1,https://www.news-journal.com/news/local/longview-protesters-demand-justice-for-fort-hood-soldier-whose-remains-found-buried/article_f2b2b14a-bfe9-11ea-b3cc-b7c83235bbd5.html,,,Protesters were joined by Longview Black Lives Matter allies to show unity,
Mishawaka,Battell Park to the Mishawa Police,,,US,2020-07-06,more than a 100,100,,100,,,general protesters,In support of Trevor Davis (who was intention allu injured during a protester),0,rally,,,,,1,1,https://www.southbendtribune.com/news/publicsafety/prosecutors-ask-for-publics-help-before-determining-charges-related-to-mishawaka-protest/article_d71aee7a-c15b-11ea-aa13-57b5534f6caa.html,,,,
New Brunswick ,Rutgers University ,,NJ,US,2020-07-06,"10,000","10,000",,"10,000",,,students,demand of further reduction of tuution and university fees ,0,online petition,,,,,1,1,https://www.northjersey.com/story/news/education/college/rutgers/2020/07/07/rutgers-students-protest-tuition-fees-fall-remote-instruction/5389639002/,,,,
New York,City Hall,,NY,US,2020-07-06,handful,,,,,,general protesters,"for police reform, for community investment",0,protest,,,,,1,1,https://www.amny.com/police-fire/city-hall-protesters-interrupt-jumaane-williams-press-conference-seeking-end-to-gun-violence/,,,,
Normal,Uptown Circle,,IL,US,2020-07-06,count pic,6,,6,,,International Brotherhood of Electrical Workers Local 197,call for town tax incentive packages to include requirement to hire local workers when possible,0,rally,,,,,1,1,https://www.pantagraph.com/news/local/govt-and-politics/union-protesters-call-for-normal-to-require-local-workers-when-tax-incentives-used/article_95c390cc-2964-5807-8452-c128dc4e43a1.html,,,,
Phoenix,Maryvale precinct,Maricopa,AZ,US,2020-07-06,count video,50,,100,,,general protesters,"against police shooting, justice for James Garcia",0,protest,,,,,1,1,https://www.12news.com/article/news/crime/officers-respond-to-fatal-phoenix-shooting-july-4/75-9d2b9d41-5045-48d7-b947-cfc80f71a9e4,,,,
Portland,Justice Center,,OR,US,2020-07-06,a few dozen,36,,36,,,general protesters,"Back the Blue, for police",0,rally,,,,,1,1,https://pamplinmedia.com/pt/9-news/472543-382165-back-the-blue-police-supporters-rally-outside-justice-center,,,,
Portland,Burnside Bridge,,OR,US,2020-07-06,at least 100,100,,100,,,general protesters,"for justice for Oromos in Ethiopia, against killing of Hachalu Hundessa, support for Oromo Liberation Front",0,march,,,,,0,1,https://www.oregonlive.com/pacific-northwest-news/2020/07/protesters-converge-briefly-blocking-burnside-bridge-to-protest-killing-of-ethiopian-musician.html,,,,
Richmond,Civic Center,,CA,US,2020-07-06,,,,,,,local residents,support Vanessa Guillen and her family,0,vigil,,,,,1,1,https://www.instagram.com/p/CCSxtdzhoe3/,,,,
Wantagh,Wantagh High School,,NY,US,2020-07-06,more than 1000,1000,,1000,,,general protesters,"Blue Lives Matter, support for police",0,march,,,,,1,1,"https://www.liherald.com/seaford/stories/more-than-1000-march-in-wantagh-in-support-of-police,126389",,,,
Wantagh,Seaford LIRR station,,NY,US,2020-07-06,,,,,,,general protesters,against Blue Lives Matter,0,counter-protest,,,,,0,1,"https://www.liherald.com/seaford/stories/more-than-1000-march-in-wantagh-in-support-of-police,126389",,,,
Waukegan,Grand Ave,,IL,US,2020-07-06,about 60,60,,60,,,general protesters,"justice for murdered soldier Vanessa Guillen, in support of a zero tolerance policy on sexual assault in the military",0,protest,,,,,1,1,https://www.chicagotribune.com/suburbs/lake-county-news-sun/ct-lns-vanessa-guillen-vigil-st-0708-20200707-yhcm2jhtu5btldt7d5wvn2lr2i-story.html,,,,
Athens,College Sqaure,,GA,US,2020-07-07,,,,,,,general protesters,Anti-discrimination movement,0,protest,,,,,1,1,https://www.onlineathens.com/photogallery/GA/20200708/PHOTOGALLERY/708009999/PH/1,,,,
Andersan,,,SC,US,2020-07-07,about 40,40,,40,,,black business owners,"against racism, against police violence",0,nationwide one-day economic protest,,,,,1,1,https://www.heraldbulletin.com/news/black-residents-participate-in-national-economic-protest/article_ebfbeed6-c073-11ea-8820-1b7e414328df.html,,,,
Broadway,Heritage Park,,VA,US,2020-07-07,some,,,,,,general protesters,against Black Lives Matter protest,0,counter-protest,,,,,1,1,https://www.whsv.com/2020/07/07/youth-led-black-lives-matter-protest-draws-crowds-to-heritage-park/,,,"youth-led, students and alumni",
Athens,downtown athens,,GA,US,2020-07-07,around 100,100,,100,,,Athens Anti-discrimintaion Movement ,demand the removal of confederate monument and demand equality,0,protest,,,,,1,1,https://www.redandblack.com/athensnews/aadm-protest-highlights-replacement-of-confederate-monument-and-list-of-demands-for-athens-law-enforcement/article_78ebc2d0-c0ce-11ea-88f0-03c4b92ba990.html,,,,
Durham,Outside the home of Durham Mayor Steve Schewel,,NC,US,2020-07-07,20,20,,20,,,general protesters,"for equitable distribution of small-business relief, building a community garden and the creation of a crisis reposne team",0,protest,,,,,1,1,https://www.heraldsun.com/news/local/article244073187.html,,,,
Effingham City ,,,IL,US,2020-07-07,,,,,,,local residents,Back the Blue rally; honoring police department,0,protest,,,,,1,1,https://www.effinghamdailynews.com/news/local_news/effingham-hears-request-for-back-the-blue-rally/article_e1b03300-c13c-11ea-b0a0-2fac4063f401.html,,,,
Flushing,,,MI,US,2020-07-07,around 300,300,,300,,,general protesters,BLM,0,protest,,,,,1,1,https://www.mlive.com/news/flint/2020/07/hundreds-of-black-lives-matter-protesters-march-peacefully-through-flushing.html,,,,
Hempstead,,,TX,US,2020-07-07,dozen,12,,12,,,general protesters,demand an investigation into the apperance of a missing soldier,0,protest,,,,,1,1,https://www.mlive.com/news/flint/2020/07/hundreds-of-black-lives-matter-protesters-march-peacefully-through-flushing.html,,,,
Jackson Heights,,,NY,US,2020-07-07,more than 50,50,,50,,,general protesters,prevent renters impacted by Covid from getting displaced,0,protest,,,,,1,1,https://qns.com/story/2020/07/08/calls-to-cancel-rent-becomes-plea-to-prevent-mass-evictions-at-jackson-heights-protest/,,,,
Laredo,federal courthouse,,TX,US,2020-07-07,,,,,,,coalition of anti-border wall activists,against construction of border wall and unequal treatment of Latino community,1,protest; car caravan,,,,,1,1,https://www.wkrg.com/news/laredo-protest-falls-on-heels-of-lawsuit-that-calls-border-wall-a-product-of-racism/,,,,
Linwood,Linwood City Hall,,CA,US,2020-07-07,more than a 100,100,,100,,,Blm and rememebering George Floyd,,0,protest,,,,,1,1,https://www.heraldnet.com/news/a-march-to-lynnwood-city-hall-and-call-for-racial-justice/,,,,
Locust Grove,,Orange,VA,US,2020-07-07,count pic,10,,10,,,general protesters,support for Locust Grove Middle School teacher and track coach Larry Kilby whose contract was not renewed,0,rally,,,,,1,1,https://dailyprogress.com/orangenews/news/students-parents-and-teachers-rally-around-larry-kilby-former-teacher-and-ochs-track-coach/article_0e750e20-bf02-11ea-9c90-3b5ca55541c8.html,,,,
Mount Clemens,Macomb County Democratic Headquarters,Macomb,MI,US,2020-07-07,,,,,,,Call 'Em Out Coalition,against a Democratic candidate for county commission and a club he associates with,0,protest,,,,,1,1,https://www.macombdaily.com/news/elections/rideout-and-small-group-protest-macomb-democratic-party-chairman/article_6571959a-c06a-11ea-b53f-cffb5a374347.html,,,,
Milton,Milton High School,,VT,US,2020-07-07,dozens,24,,24,,,Students and Faculty,protest the vandalism and theft of black lives matter flag at the school,0,protest,,,,,1,1,https://www.mychamplainvalley.com/news/local-news/milton-students-protest-the-vandalism-and-theft-of-a-black-lives-matter-flag-from-school-grounds/,,,,
Milton,Hannaford Plaza,Chittenden,VT,US,2020-07-07,,,,,,,general protestors,against hate; against vandalism of BLM murals,0,rally,,,,,1,1,https://www.wcax.com/content/news/State-police-investigate-potential-racial-bias-after-scuffed-up-BLM-messages-571655551.html,,,,
Minerva,Municiple Park,,OH,US,2020-07-07,about 40,40,,40,,,general protesters,BLM,0,protest,,,,,1,1,https://www.the-review.com/story/news/2020/07/07/minerva-protesters-met-by-angry-residents/42084465/,,,,
Neosho,City Council,,MO,US,2020-07-07,,,,,,,general protesters,against the exclusion of churches from COVID gathering  restriction,0,protest,,,,,1,1,https://www.neoshodailynews.com/news/20200708/citizens-turn-out-to-protest-ordinance,,,,
Newton,City Hall,,MA,US,2020-07-07,about 50,50,,50,,,general protestors,"against racism, against police violence",0,protest,,,,,1,1,https://www.boston.com/news/local-news/2020/07/08/newton-protest-incident,,,,
Northridge,California State University of Northridge,,CA,US,2020-07-07,,,,,,,Mecha de CSUN,"remembering murdered soldier Vanessa Guillen, against sexual violence, against discrimination against Latinas",0,march,,,,,1,1,https://abc7.com/community-events/csun-students-hold-peaceful-march-in-honor-of-vanessa-guillen/6305065/,,,,
Orlando,Orange County Public Schools headquarters,Orange,FL,US,2020-07-07,dozens,24,,24,,,teachers,against state mandate to open public schools during coronavirus pandemic,0,car caravan,,,,,1,1,https://www.orlandosentinel.com/news/education/os-ne-orange-schools-reopening-discussion-protest-20200707-dwak2zcsgvdazonhwtxe3s3jti-story.html,https://www.orlandosentinel.com/news/education/os-pictures-orange-seminole-teachers-protest-back-to-school-coronavirus-20200707-wv66zk2sbjg7jekitdljhwxnli-photogallery.html,,,
Pittsburgh,outside the delta foundation office,,PA,US,2020-07-07,,,,,,,general protesters,demand delta to be more inclusive,0,protest,,,,,1,1,https://www.pghcitypaper.com/pittsburgh/delta-foundation-interim-president-apologizes-for-lgbtq-organizations-past-failures-as-protesters-demand-change/Content?oid=17608934,,,,
Portland,sunnyside school park on southeast 34th Ave. and marched to southeast Hawathorne Blvd.,,OR,US,2020-07-07,dozens,,,,,,general protesters,"against racism, against police violence",0,protest,,,,,1,1,https://www.kgw.com/article/news/local/security-volunteers-watch-over-black-lives-matter-protest-for-kids/283-29d10ee7-6ed5-4076-bfe9-7a97e5a33049,,,,
Paradise Valley,,,AZ,US,2020-07-07,about 40,40,,40,,,general protesters,against police brutality  ,0,protest,,,,,1,1,https://www.12news.com/article/news/crime/tense-moments-erupt-as-protesters-march-in-paradise-valley/75-ace5f9ec-0d6d-4b09-a76e-e990664cbbf1,,,,
Rochester,Downtown,,NY,US,2020-07-07,,,,,,,the State of New York,prosecution for lawless conduct and wanton destruction during the May 30th BLM protests,0,prosecution charges,4,,,,1,1,https://www.lohud.com/story/news/2020/07/07/feds-adding-charges-post-black-lives-matter-protest-arson-rochester-ny/5392956002/,,,,
New York,Diversity Plaza; Queens,,NY,US,2020-07-07,count pic,25,,25,,,general protesters,for better protective measures against COVID-19 for essential workers,0,protest,,,,,1,1,https://qns.com/story/2020/07/07/essential-workers-call-for-workplace-protections-against-covid-19-at-jackson-heights-rally/,,,,
San Anselmo,Sir Francis Drake HS,,CA,US,2020-07-07,more than 50,50,,50,,,general protestors,change high school name ,1,caravan; protest,,,,,1,1,https://www.instagram.com/p/CCViuGDBWZy/,,,,
San Francisco,Bayview,,CA,US,2020-07-07,hundreds,200,,200,,,general protesters,call for help identifying suspect in killing of a local 6-year-old on July 4th,0,candlelight vigil,,,,,1,1,https://www.sfchronicle.com/crime/article/Justice-for-Jace-Family-SF-mayor-police-15392519.php,,,,
Philadelphia,South Philly,,PA,US,2020-07-07,75,75,,75,,,general protesters,"against racism, against police violence",0,protest,,,,,1,1,https://www.phillytrib.com/news/local_news/it-s-not-normal-after-violent-fourth-of-july-weekend-south-philly-residents-march-for/article_4d5a5800-d893-5db2-ae16-ccc378e3091f.html,,,,
Smithtown,Kings Park LIRR station,Suffolk,NY,US,2020-07-07,,,,,,,general protesters,"All Lives Matter, against anti-racism protest",0,counter-protest,,,,,0,1,https://www.newsday.com/long-island/suffolk/black-lives-matter-protest-kings-park-1.46503344,,,,
Beverly Hills,,,CA,US,2020-07-08,,,,,,,hospitality workers,for better workplace protections for hospitality workers during COVID-19 pandemic,0,protest,,,,,1,1,https://www.pasadenastarnews.com/2020/07/08/workers-protest-hotel-reopenings-amid-covid-19-flareups/,,,,
Charleston,,,SC,US,2020-07-08,,,,,,,,,,,,,,,,,https://www.live5news.com/2020/07/08/police-chief-tells-people-who-plan-protest-downtown-sunday-leave-their-weapons-home/,,,,
Chicago,Philippine Consulate,,IL,US,2020-07-08,more than 80,80,,80,,,general protesters,against repressive 'anti-terroirism' measure signed into law by President Duterete,0,protest,0,0,0,0,1,1,http://www.fightbacknews.org/2020/7/10/chicago-protest-against-duterte-s-terror-law-0,,,,
Jersey City,the ethical community cahrter school,,NJ,US,2020-07-08,,,,,,,students,agaisnt the firing of Jersey City charter public school principle,0,protest,,,,,1,1,https://www.nj.com/hudson/2020/07/second-protest-planned-today-against-firing-of-popular-jersey-city-charter-school-principal.html,,,,
Los Angeles,,,CA,US,2020-07-08,,,,,,,hospitality workers,for better workplace protections for hospitality workers during COVID-19 pandemic,0,protest,,,,,1,1,https://www.pasadenastarnews.com/2020/07/08/workers-protest-hotel-reopenings-amid-covid-19-flareups/,,,,
Los Angeles,Hollywood,,CA,US,2020-07-08,,,,,,,hospitality workers,for better workplace protections for hospitality workers during COVID-19 pandemic,0,protest,,,,,0,1,https://www.pasadenastarnews.com/2020/07/08/workers-protest-hotel-reopenings-amid-covid-19-flareups/,,,,
Marshall,Outside Harrison County Courthouse,Harrison,TX,US,2020-07-08,,,,,,,Save Our Soldier,for confederate statue,0,protest,,,,,1,1,https://www.news-journal.com/save-our-soldier-protesters-gather-near-confederate-statue/collection_c95b2a0d-c0ed-5c39-95ff-e212f6cbf64b.html#2,,,,
Milwaukee,Spaights Plaza on UW campus,,WI,US,2020-07-08,around 200,200,,200,,,students,to honor Vanessa Guillen and others who have lost their lives to sexual violence; to hold the university accountable for not taking action,0,rally,0,0,0,0,1,1,http://www.fightbacknews.org/2020/7/10/milwaukee-students-honor-vanessa-guill-n-protest-uwm-professor-schoeller-and-administratio,,,,
Moorhead,Moorhead Center Mall to Veterna Memorial Bridge,,MN,US,2020-07-08,,,,,,,general protesters,to remember Vaneessa Guillen,0,vigil,,,,,1,1,https://www.inforum.com/news/6566382-Vigil-walk-for-slain-soldier-Vanessa-Guillen-planned-tonight-in-F-M,,,,
Westchester,New Mochelle and Mount Vernon,,NY,US,2020-07-08,,,,,,,Nurses,rally against closing of hospitals,0,rally,,,,,0,1,http://westchester.news12.com/we-need-mount-vernon-hospital-nurses-rally-over-cuts-42347575,,,,
New York,Brooklyn; Flatbush,Kings,NY,US,2020-07-08,,,,,,,Equality for Flatbush,against tenant eviction,0,eviction blockade,,,,,1,1,https://twitter.com/protest_nyc/status/1281040759161065473,,,,
Oakland,East Oakland Pride Elementary,,CA,US,2020-07-08,,,,,,,general protesters,oppose schools reopening due to Covid,1,car caravan,,,,,1,1,https://www.instagram.com/p/CCUP9X7BRED/,,,,
Pasadena,,,CA,US,2020-07-08,,,,,,,hospitality workers,for better workplace protections during COVID-19 pandemic,0,protest,,,,,1,1,https://www.pasadenastarnews.com/2020/07/08/workers-protest-hotel-reopenings-amid-covid-19-flareups/,,,,
Phoenix,outside the state capital ,,AZ,US,2020-07-08,,,,,,,general protesters,against Arizona's low unemplyment benefits,0,protest,,,,,1,1,https://www.azfamily.com/news/laid-off-workers-protest-arizonas-low-unemployment-benefits/article_242d332c-c15b-11ea-b3a4-4f510734f374.html,,,,
Saint Louis,City Hall,,MO,US,2020-07-08,about 150,150,,150,,,general protesters,agaisnt forced evictions during the pandemic,0,protest,,,,,1,1,https://www.stltoday.com/news/local/crime-and-courts/woman-whose-name-and-address-were-read-by-mayor-leads-protest-in-front-of-city/article_22350efa-2f43-5db1-b5cc-e63688d91087.html,,,,
Salt Lake City,downtown,,UT,US,2020-07-08,more than 150,150,,150,,,general protesters,against police violence,0,rally,,,,,1,1,https://www.sltrib.com/news/2020/07/08/more-than-protesters/,,,,
Santa Monica,,,CA,US,2020-07-08,,,,,,,hospitality workers,for better workplace protections for hospitality workers during COVID-19 pandemic,0,protest,,,,,1,1,https://www.pasadenastarnews.com/2020/07/08/workers-protest-hotel-reopenings-amid-covid-19-flareups/,,,,
Springfield ,,,OR,US,2020-07-08,,,,,,,general proterters,BLM,0,protest,,,,,1,1,https://www.registerguard.com/story/news/2020/07/08/black-unity-headed-to-springfield-for-another-night-of-protest/112685722/,,,,
Tallahassee,Outside the city hall ,,FL,US,2020-07-08,,,,,,,general protesters,"against racism, against police violence",0,protest,,,,,1,1,https://www.wctv.tv/2020/07/08/tallahassee-protesters-outside-city-hall-demand-police-reform/,,,,
Trenton,,,NJ,US,2020-07-08,,,,,,,general proterters,Taking down the statue of george washington,0,protest,,,,,1,1,https://www.trentonian.com/news/trenton-says-bye-bye-to-columbus-statue-as-protesters-square-off-about-explorers-brutal-past/article_784dd946-c12b-11ea-b102-43443c50fae5.html,,,,
Tulsa,BOK Center arena,,OK,US,2020-07-08,"6,200","6,200",,"6,200",,,Donald J. Trump for President,pro-Trump,2,rally,,,,,1,1,https://www.dailykos.com/stories/2020/7/8/1959236/-Tulsa-sees-nearly-500-new-infections-after-Trump-s-rally-Houston-nixes-in-person-GOP-convention,https://abc13.com/health/trump-tulsa-rally-likely-contributed-to-covid-19-surge-official-says/6307561/,https://www.ksdk.com/article/news/health/coronavirus/trump-tulsa-rally-covid-surge/507-103b4d9c-8f45-4386-9b38-40a38249509d,,
Winston-Salem,Church Street in front of the Sheriff's Office,,NC,US,2020-07-08,about 40 ,40,,40,,,general protesters,BLM,0,protest,4,,,,1,1,https://journalnow.com/news/local/four-protesters-arrested-as-black-lives-matter-stages-rally-to-demand-more-information-about-john/article_b0eee0a4-bf9b-5550-b94f-5846c98764a6.html,,,,
Appleton,Downtown Appleton,,WI,US,2020-07-08,,,,,,,general protesters,against gerrymandering in Wisconsin ,0,protest,,,,,1,1,https://www.postcrescent.com/story/news/2020/07/08/wisconsin-gerrymandering-fair-maps-protest-planned-appleton/5398874002/,,,,
El Centro,Outside of the County Child Protective Services building,,CA,US,2020-07-09,,,,,,,general protesters,against child abuse,0,protest,0,0,0,0,1,1,https://www.ivpressonline.com/featured/peaceful-protest-against-child-abuse/article_22bf124a-c254-11ea-80b5-7b80f2d23663.html,,,,
Fayetteville,In front of Cumberland County Courthouse,,NC,US,2020-07-09,,,,,,,general protester,support for Police Department and Sheriff's Office,0,protest,,,,,1,1,https://abc11.com/society/hundreds-march-for-local-law-enforcement-in-fayetteville/6310040/,,,,
Fayetteville,In front of Fayetteville Police Department Headquarters ,,NC,US,2020-07-09,,,,,,,general protester,support of social justice,0,counter-protest,,,,,0,1,https://abc11.com/society/hundreds-march-for-local-law-enforcement-in-fayetteville/6310040/,,,,
Grass Valley,Sierra College Drive roundabout,,CA,US,2020-07-09,about a dozen,12,,12,,,general protesters,against the mask mandate for children,0,protest,0,0,0,0,1,1,https://www.theunion.com/news/no-mask-protesters-gather-on-sierra-college-drive/,,,,
Lafayette,,,LA,US,2020-07-09,2,2,,2,,,A lafayette,Equity for anti-discrimination movement,0,protest,,,,,1,1,https://www.dailycamera.com/2020/07/08/lafayette-residents-plan-peaceful-protest-vigil-for-thursday-night/,,,,
New York,Brooklyn; entrance of Bedford-Stuyvesant Hospital,Kings ,NY,US,2020-07-09,more than 100,100,,100,,,general protester,call attention to black woman who died while giving birth; health care,0,protest,0,0,0,0,1,1,https://www.amny.com/brooklyn/protesters-rally-at-brooklyn-hospital-after-black-woman-dies-during-childbirth/,,,,
Oakland,Plaza de la Fuente on International Blvd.,,CA,US,2020-07-09,,,,,,,general protestors,pro immigration rights; anti-Trump,1,protest,,,,,1,1,https://www.instagram.com/p/CCVi-ljhs31/,,,,
Philadelphia,Police Lodge 5,,PA,US,2020-07-09,10,10,,10,,,Proud Boys,against BLM and pro 'All Lives Matter',2,protest,0,0,0,0,1,1,https://www.dailykos.com/stories/2020/7/10/1959772/-Proud-Boys-show-up-to-support-Pence-Philly-police-while-harassing-protesters,,,,
Poughkeepsie,outside the Dutchess Office Building on Market St.,,NY,US,2020-07-09,about 200,200,,200,,,general protesters,against the building of a new jail,0,protest,,,,,1,1,https://www.poughkeepsiejournal.com/story/news/local/2020/07/08/dutchess-jail-bonds-community-protest/3286179001/,,,,
Santa Barbara,Sheriff's Office Headquarters,,CA,US,2020-07-09,,,,,,,group of law enforcement supporters,support for Police,0,rally,,,,,1,1,https://newspress.com/pro-law-enforcement-rally-at-sheriffs-office-headquarters/,,,,
St. George,,,UT,US,2020-07-09,,,,,,,general protesters,"support of name ""Dixie""",0,protest,,,,,1,1,https://www.stgeorgeutah.com/news/archive/2020/07/09/rmw-at-protest-in-support-of-preserving-dixie-crowd-jeers-mayors-speech/#.X4T0Mi2ZOT8,,,,
Wall Township,,,NJ,US,2020-07-09,300 to 400,300,,400,,,general protesters,"We back blue, pro-police",0,protest,,,,,1,1,https://www.app.com/story/news/2020/07/09/we-back-blue-hundreds-police-supporters-rally-wall-its-peace-and-love/5407623002/,,,,
Windsor,Windsor high school,,CA,US,2020-07-09,a handful,,,,,,general protesters,to prevent a construction project from moving forward with concerns about sustainability,0,protest,0,0,0,0,1,1,http://www.sonomawest.com/the_windsor_times/news/student-protesters-stop-construction-on-whs-project/article_f6b741aa-c243-11ea-b724-3fad20a57ea0.html,,,,
Antioch,Police Department,,CA,US,2020-07-10,,,,,,,general protestors,commemorate victims of police violence,1,protest,,,,,1,1,https://sf.funcheap.com/police-violence-victims-candlelight-vigil/,,,,
Chicago,streets of downtown,,IL,US,2020-07-10,,,,,,,general protesters,against ICE,1,protest,0,0,0,0,1,1,https://www.nbcchicago.com/news/local/watch-live-hundreds-take-part-in-ice-protest-doctors-in-chicago/2303253/,,,,
Columbia,SC state house,,SC,US,2020-07-10,,,,,,,general proterters,the fifth year anniversary of the removal of the confederate flag,0,protest,,,,,1,1,https://www.thestate.com/news/politics-government/article244078052.html,,,,
Clinton,near the Fish Market of Maryland,Prince George's,MD,US,2020-07-10,dozens,24,,24,,,We the People of PG County,against owner's racist statement,0,protest,0,0,0,0,1,1,https://www.washingtonpost.com/local/md-politics/fish-market-maryland-i-cant-breathe/2020/07/09/c25b7c42-c062-11ea-9fdd-b7ac6b051dc8_story.html,https://www.facebook.com/pg/wtpopgc/about/?ref=page_internal,,daily protests,
Dyersburg,courthouse,,TN,US,2020-07-10,about 20,20,,20,,,general protesters,for Confederate monument,0,counter-protest,,,,,1,1,https://www.jacksonsun.com/story/news/local/2020/07/13/protesters-want-dismantle-racism-counter-protesters-protect-statue/5397806002/,,,,
Greeley,JBS Swift meatpacking plant,,CO,US,2020-07-10,,,,,,,general protesters,for higher pay for plant workers,0,walkout,,,,,1,1,https://www.greeleytribune.com/2020/07/10/jbs-employees-walk-off-the-job-over-pay-dispute/?fbclid=IwAR1eGevqxviEzxuHOOC4gwWnRUU6iqFYWzrDo-KUhYFwnBlxwCVn3Ui9qOs,,,article specifically notes that the workers' union did not organize and was not aware of the action,
Half Moon Bay,,,CA,US,2020-07-10,,,,,,,Lights for Liberty,anti ICE; protest planned ICE raid,1,protest,0,0,0,0,1,1,https://www.kqed.org/news/11760989/protesters-throughout-bay-area-rally-against-planned-ice-deportation-raids,,,,
Hayward,Army Recruit Center,,CA,US,2020-07-10,,,,,,,general protestors,seek justice for Vanessa Guillen,0,protest,,,,,1,1,https://www.instagram.com/p/CCUqNexBfxp/,,,,
Los Angeles,outside US Rep. Brad Sherman's home,Los Angeles,CA,US,2020-07-10,,,,,,,IfNotNow,against Israeli occupation and annexation,1,protest,0,0,0,0,1,1,https://twitter.com/IfNotNowOrg/status/1281628752930394117,,,,
Madison,University Avenue to Wisconsin State Capitol,,WI,US,2020-07-10,,,,,,,general protesters,To support the black community,0,march,0,0,0,0,1,1,https://wkow.com/2020/07/10/demonstrators-march-from-hilldale-to-state-capitol-after-block-party-to-support-black-community/,,,,
Miami,American Airlines Arena,Miami-Dade,FL,US,2020-07-10,dozens,24,,24,,,general protesters,fighting Mayor Gimenez's decision to close dining halls of all resturants due to Covid 19,0,protest,0,0,0,0,1,1,https://wsvn.com/news/local/miami-dade/restaurant-owners-gather-in-downtown-miami-to-protest-mayor-gimenezs-order-to-close-dining-rooms/,,,,
Oakland,Frank Ogawa Plaza,,CA,US,2020-07-10,,,,,,,Lights for Liberty,anti ICE; protest planned ICE raid,1,protest,0,0,0,0,1,1,https://www.kqed.org/news/11760989/protesters-throughout-bay-area-rally-against-planned-ice-deportation-raids,,,,
Richmond,Richmond High Parking Lot to Civic Center,,CA,US,2020-07-10,,,,,,,general protestors,seek justice for Vanessa Guillen,1,protest,,,,,1,1,https://www.instagram.com/p/CCbhNs-h9Kc/,,,,
Saint Paul,444 Maryland Ave,,MN,US,2020-07-10,,,,,,,"Guns Down, Love Up",against gun violence,0,rally,,,,,1,1,https://unicornriot.ninja/2020/twin-cities-rallies-call-for-end-to-gun-violence/,,,,
San Jose,,,CA,US,2020-07-10,,,,,,,Lights for Liberty,anti ICE; protest planned ICE raid,1,protest,0,0,0,0,1,1,https://www.kqed.org/news/11760989/protesters-throughout-bay-area-rally-against-planned-ice-deportation-raids,,,,
Sheboygan,County courthouse,,WI,US,2020-07-10,,,,,,,general protesters,anti ICE,0,protest,0,0,0,0,1,1,https://www.sheboyganpress.com/picture-gallery/news/local/2020/07/10/people-gathered-near-entrance-sheboygan-county-sheriff-department-protest-ice/5416500002/,,,,
Springfield ,529 S. Grant,,MO,US,2020-07-10,,,,,,,general proteesters,locals do not want to see a new convenient store put in place because they feel it will bring crime.,0,protest,0,0,0,0,1,1,https://www.ky3.com/2020/07/10/west-central-springfield-neighbors-protest-possible-new-convenience-store/,,,,
Virginia Beach,Mount Trashmore,,VA,US,2020-02-10,,,,,,,Educators Unite for Equity and Anti-racism in Schools,,0,rally,0,0,0,0,1,1,https://www.pilotonline.com/news/education/vp-nw-educators-rally-20200710-zn6fm2vlqzdxfoo74q3ki7gx3i-story.html,,,,
Atherton,Las Lomitas Elementary,,CA,US,2020-07-11,,,,,,,Commit to Equity,divest billionaires; invest in communities,1,caravan,,,,,1,1,https://www.instagram.com/p/CCbvBLbhtD-/,,,,
Corpus Christi,Selena statue,,TX,US,2020-07-11,about 40,40,,40,,,general protesters,Pro Trump 2020,2,gathering,0,0,0,0,1,1,https://www.caller.com/picture-gallery/news/local/2020/07/11/trump-supporters-counter-protesters-converge-selena-memorial-statue-corpus-christi/5421720002/,,,,
Itta Bena,,,MS,US,2020-07-11,about 60,60,,60,,,general protesters,BLM,0,protest,,,,,1,1,https://www.mvsu.edu/mvsu-host-2020-mlk-legacy-walk-jan-20,,,,
Jupiter,Carlin Park,,FL,US,2020-07-11,about 200,200,,200,,,general protesters,Back The Blue; in support of police officers,0,march,0,0,0,0,1,1,https://www.wptv.com/news/region-n-palm-beach-county/jupiter/back-the-blue-demonstrators-march-through-jupiter,,,,
Kalam Azoo,Bronson Park ,,MI,US,2020-07-11,,,,,,,Let your voice be heard,Condenming police brutality and systemic racism,0,rally,,,,,1,1,https://wwmt.com/news/local/friends-of-george-floyd-scheduled-to-attend-kalamazoo-protest-on-saturday,,,,
Livermore,City Hall,,CA,US,2020-07-11,,,,,,,general protestors,seek justice for Vanessa Guillen,1,march,,,,,1,1,https://www.instagram.com/p/CCZsIr_B88D/,,,,
Memphis,Outside the Armed Forces Recruiting office,,TN,US,2020-07-11,,,,,,,general protesters,"demanding justice for Vanessa Guillen, a US soldier killed inside an armory",0,march,0,0,0,0,1,1,https://www.commercialappeal.com/picture-gallery/news/2020/07/11/vanessa-guillen-protest/5422596002/,,,,
New York City,Brooklyn; 13th Avenue and 77th Street,,NY,US,2020-07-11,several hundred,200,,200,,,general protesters,To support the NYPD and counter the anti-cop vitriol,0,rally,0,0,0,0,0,0,https://www.amny.com/news/pro-cop-rallies-in-brooklyn-and-queens-attempt-to-counter-anti-police-sentiment/,,,,
Oakland,599 El Embarcadero,,CA,US,2020-07-11,,,,,,,general protestors,seek justice for Vanessa Guillen,1,"protest, march",,,,,1,1,https://www.instagram.com/p/CCaJonRBcvN/,,,,
Omaha,Memorial Park,,NE,US,2020-07-11,,,,,,,general protesters,"Back the Blue, support for police",0,rally,,,,,1,1,https://omaha.com/news/local/back-the-blue-rally-in-omaha-to-show-support-for-law-enforcement/article_2969c8b6-664f-5790-9fbc-58f4ad345f8f.html,,,,
Pease,Portsmouth International Airport ,,NC,US,2020-07-11,,,,,,,Donald J. Trump for President,for President Trump,2,rally,,,,,1,1,https://www.unionleader.com/news/politics/voters/face-mask-requirements-considered-in-portsmouth-ahead-of-trump-rally/article_0675d0cb-4cbd-5cad-b891-2503624f11d8.html,,,,
Philadelphia,"In the Arby's parking lot, march past the La Salle Police Station",,NE,US,2020-07-11,,,,,,,general protesters,"against racism, against police violence",0,counter-rally,0,0,0,0,1,1,https://www.mywebtimes.com/2020/07/07/back-the-blue-rally-and-parade-planned-saturday-in-la-salle-black-lives-matter-plans-march-too/a2hksnv/,,,,
Philadelphia,in front of the La Salle Police Stattion on the east side,,PA,US,2020-07-11,,,,,,,Illinios Grassroots Team Trump 2020,Back the Blue,2,rally,,,,,1,1,https://www.mywebtimes.com/2020/07/07/back-the-blue-rally-and-parade-planned-saturday-in-la-salle-black-lives-matter-plans-march-too/a2hksnv/,,,,
Portsmouth,Portsmouth International Airport at Pease,Rockingham,NH,US,2020-07-11,,,,,,,Donald J. Trump for President,Trump/Pence campaign rally,2,rally,,,,,1,1,https://www.unionleader.com/news/health/coronavirus/sununu-will-greet-trump-but-pass-on-rally/article_1926a686-2a9c-574a-ac10-80311d6e3057.html?block_id=664693,https://www.unionleader.com/news/politics/voters/face-mask-requirements-considered-in-portsmouth-ahead-of-trump-rally/article_0675d0cb-4cbd-5cad-b891-2503624f11d8.html?block_id=897573,,,
Rockport,On the lawn of the First congregation Church of Rockport,,MA,US,2020-07-11,,,,,,,general protesters,BLM,0,protest,,,,,1,1,https://www.gloucestertimes.com/news/local_news/churches-sponsoring-blm-rally-this-weekend/article_b68e4bf3-9eea-55d0-9578-466f14c9f5f0.html,,,,
Sacramento,Cesar Chavez,,CA,US,2020-07-11,,,,,,,general protestors,seek justice for Vanessa Guillen,1,protest,,,,,1,1,https://www.instagram.com/p/CCSxiaDBlfv/,,,,
San Jose,,,CA,US,2020-07-11,,,,,,,roller skaters,"""roll against hate""",0,roll out,,,,,1,1,https://www.instagram.com/p/CCJwQDaBlRc/,,,"Part of ""Worldwide Roll Out Day""",
Stuart,Intersection of Monterey Road and US 1,,FL,US,2020-07-11,more than 100,100,,100,,,general protesters,"""I will not comply"" for the county mask mandate",0,rally,0,0,0,0,1,1,https://www.tcpalm.com/picture-gallery/news/local/martin-county/2020/07/11/martin-county-residents-hold-i-not-comply-protest-against-mandatory-masks/5420752002/,,,,
Tampa,,,FL,US,2020-07-11,,,,,,,USF Graduate Assistants United,for better wages and benefits for graduate student assistants at the University of South Florida,0,protest,,,,,1,1,https://www.floridaphoenix.com/blog/usf-grad-assistants-to-protest-stalled-contract-talks-amid-covid-reopening-planning/,,,,
Vallejo,City Hall to Police Station,,CA,US,2020-07-11,a few hundred,300,,300,,,general protestors,seek justice for Sean Monterrosa; against police violence,1,march,,,,,1,1,https://www.timesheraldonline.com/2020/07/11/vallejo-has-first-march-protest-since-release-of-sean-monterrosa-shooting-footage/,https://www.instagram.com/p/CCYepC6hjZn/,,,
Woodstock,Woodstock Union High School,,VT,US,2020-07-11,,,,,,,women for a chnage (WFAC) advocate,to learn about the running vermont Lieutenant Governer ,0,car rally,,,,,1,1,https://vtdigger.org/press_release/vt-lt-gov-candidate-molly-gray-to-speak-saturday-at-car-rally-hosted-by-women-for-change-in-woodstock/,,,,
College Station,Texas A&M University,,TX,US,2020-07-12,,,,,,,Aggies of Color in Coalition,"against racism, against police violence, for removal of Confederate statue from college campus",1,protest,,,,,1,1,https://www.washingtonpost.com/education/2020/09/08/debates-over-race-history-values-challenge-texas-am-campuses-student-body-diversifies/?hpid=hp_hp-top-table-low_collegerace-252pm%3Ahomepage%2Fstory-ans,https://www.kxxv.com/hometown/brazos-county/protesters-for-and-against-sully-statue-collide-on-texas-a-m-campus,,,
College Station,Texas A&M University,,TX,US,2020-07-12,,,,,,,general protesters,against removal of Confederate statue from college campus,2,counter-protest,,,,,0,1,https://www.washingtonpost.com/education/2020/09/08/debates-over-race-history-values-challenge-texas-am-campuses-student-body-diversifies/?hpid=hp_hp-top-table-low_collegerace-252pm%3Ahomepage%2Fstory-ans,https://www.kxxv.com/hometown/brazos-county/protesters-for-and-against-sully-statue-collide-on-texas-a-m-campus,,,
Redwood City,Courthouse Square,,CA,US,2020-07-12,,,,,,,general protestors,seek justice for Vanessa Guillen,1,protest,,,,,1,1,https://climaterwc.com/2020/07/08/candlelight-vigil-planned-for-vanessa-guillen-in-redwood-city/,,,,
San Jose,City Hall,,CA,US,2020-07-12,nearly 200,200,,200,,,general protestors,anti ICE; protest planned ICE raid,1,protest,0,0,0,0,1,1,https://www.kqed.org/news/11760989/protesters-throughout-bay-area-rally-against-planned-ice-deportation-raids,,,,
San Jose,191 N 1st St.,,CA,US,2020-07-12,,,,,,,general protestors,seek justice for Vanessa Guillen,0,march,,,,,0,1,https://www.instagram.com/p/CCTzUYJBdR1/,,,,
Watertown,Veterans Transportation,,MA,US,2020-07-12,around 350,350,,350,,,Teamsters Local 25,against cuts to health insurance benefits for Massachusetts Bay Transit Authority workers,0,strike,,,,,1,1,https://www.masslive.com/boston/2020/07/one-day-stronger-hundreds-of-drivers-for-mbtas-the-ride-program-strike-over-health-insurance-cuts.html?fbclid=IwAR3AwX4rtMrgn2aTBv4owD7F6wyq5ioxwKhPITRagDTSwDXJk6QX8aS5dgs,,,,
Boston,outside state house,Suffolk,MA,US,2020-07-13,,,,,,,general protesters,against US policy on international students,1,protest,,,,,1,1,https://twitter.com/skiznitz/status/1282337685030481920,,,,
Long Bay,Myrtle Beach,,SC,US,2020-07-13,,,,,,,residents,Bike rally,0,rally,,,,,1,1,https://www.myrtlebeachonline.com/news/local/article244074687.html,,,,
Norman,north oval,,OK,US,2020-07-13,,,,,,,OU students,denouncement of the ICE policy,0,rally,,,,,1,1,,,,,
Terre Haute,Springhill Road and US 41/150,,IN,US,2020-07-13,,,,,,,"Sisters of Providence, St Mary of the Woods",Protesting the execution of inmates,0,vigil,0,0,0,0,1,1,https://indianapublicmedia.org/news/nuns-protesting-upcoming-executions.php,,,,
Concord,"Concord Todos Santos Plaza to Lake Merritt in Oakland, CA",,CA,US,2020-07-14,,,,,,,general protestors,seek justice for Vanessa Guillen,1,march,,,,,1,1,https://www.instagram.com/p/CCjt9flhIlw/,,,,
Sanford,Seminole County Public Schools headquarters,Seminole,FL,US,2020-07-14,,,,,,,teachers,against state mandate to open public schools during coronavirus pandemic,0,car caravan,,,,,1,1,https://www.orlandosentinel.com/news/education/os-pictures-orange-seminole-teachers-protest-back-to-school-coronavirus-20200707-wv66zk2sbjg7jekitdljhwxnli-photogallery.html,,,,
Grand Rapids,,,MI,US,2020-07-15,,,,,,,general protesters,amending the passage of the HEROES Act,0,protest,,,,,1,1,http://www.fightbacknews.org/2020/7/8/new-michigan-rally-heroes-act-now-set-july-15,,,,
San Francisco,City College to City Hall,,CA,US,2020-07-15,,,,,,,general protestors,oppose reopening of schools due to Covid,1,caravan,,,,,1,1,https://www.instagram.com/p/CCmnwyqBRmn/,,,,
Marietta,Larry Bell Park,Cobb,GA,US,2020-07-16,,,,,,,teachers; students,against school reopening plan during COVID-19 pandemic,0,protest,,,,,1,1,https://www.wsbtv.com/news/local/cobb-county/group-cobb-teachers-families-plan-protest-districts-reopening-plan/YH4SIBKY5FEPVFFXFGVGM3GNEQ/,,,,
Sacramento,"California Department of Corrections and Rehabilitation to State Capitol to Cesar Chavez Park in Berkeley, CA",,CA,US,2020-07-16,,,,,,,gemeral protestors,seek release of inmates due to Covid 19,1,"protest, caravan",,,,,1,1,https://www.instagram.com/p/CCdiDoghemv/,,,,
Richmond,Civic Center,,CA,US,2020-07-17,,,,,,,general protestors,against violence,0,protest,,,,,1,1,https://www.instagram.com/p/CCb4IFQhHj-/,,,,
San Francisco,630 Sansome St,,CA,US,2020-07-17,,,,,,,general protestors,anti ICE; seek release of children in ICE camps,1,protest,,,,,1,1,https://www.instagram.com/p/CCgtKrBh5ya/,,,,
San Francisco,"Federal Building, 7th and Mission",,CA,US,2020-07-17,,,,,,,RefuseFascismSF,anti Trump/Pence; anti fascism,1,protest,,,,,0,1,https://twitter.com/SFRefuseFascism/status/1284198535785639936?s=20,,,,
San Jose,River Glen Park to Downtown Willow Glen,,CA,US,2020-07-17,,,,,,,general protestors,anti ICE; seek release of children in ICE camps,1,protest,,,,,1,1,https://www.instagram.com/p/CCpcxSUhTub/,,,,
Baton Rouge,outside capitol building,,LA,US,2020-07-18,,,,,,,police officers; local activist,anti- violence,0,march,,,,,1,1,https://www.wbrz.com/news/brpd-participating-in-anti-violence-march-at-capitol-later-this-month,,,,
Oakland,Hegenberger Walmart Parking Lot,,CA,US,2020-07-18,,,,,,,general protestors,seek justice for Vanessa Guillen,0,ride out,,,,,1,1,https://www.instagram.com/p/CCt_Qy4BBhV/,,,,
online,online,,,US,2020-07-18,,,,,,,general protestors,seek justice for Vanessa Guillen,0,virtual 5K,,,,,1,1,https://www.instagram.com/p/CCr_jfnhUhf/,,,,
Parkersburg,Market Street,,WV,US,2020-08-18,,,,,,,general protestors,pro-police rally,0,march,,,,,1,1,https://www.newsandsentinel.com/news/local-news/2020/07/parkersburg-officials-planning-pro-police-rally/,,,,
San Jose,1450 Monument Boulevard Concord,,CA,US,2020-07-18,,,,,,,general protestors,seek justice for Vanessa Guillen,0,protest,,,,,1,1,https://www.instagram.com/p/CCqTm4Jh4-1/,,,,
Williamsport,Brandon Park,,PA,US,2020-07-18,approximately 15 members,,,,,,National Socialist Movement,"for white supremacy, against homosexuality",2,march; rally,,,,,1,1,https://www.pennlive.com/news/2020/07/white-nationalist-group-members-many-armed-stage-rally-in-williamsport.html,,,,
Los Gatos,Santa Cruz Ave and Main St,,CA,US,2020-07-19,,,,,,,general protestos,Blue Lives Matter; oppose BLM protest,2,counterprotest,0,0,0,0,1,1,https://www.nbcbayarea.com/news/local/south-bay/blm-supporters-and-counter-protesters-gather-in-los-gatos/2328833/,https://www.mercurynews.com/2020/07/19/black-lives-matter-rally-draws-counterprotestors-in-los-gatos/,,,
,,,NY (and 25 other cities),US,2020-07-20,tens of thousands workers,,,,,,general protesters,against racism and police violence ,0,nationwide mass walkout from work,,,,,1,1,https://www.usatoday.com/story/money/2020/07/08/workers-go-strike-black-lives-amid-reckoning-racism/5400095002/,,,,
Dublin,Santa Rita Jail,,CA,US,2020-07-20,,,,,,,Ella Baker Center,seek release of inmates due to Covid 19,1,protest,,,,,1,1,https://www.instagram.com/p/CC1lQr9h-FQ/,,,,
Little Rock,Arkansas State Capitol,,AR,US,2020-07-20,,,,,,,farmers,against governor's mask mandate to prevent spread of COVID-19,2,protest,,,,,1,1,https://www.fox16.com/news/local-news/farmers-protest-governors-mask-mandate/,,,,
St. Petersburg,outside St. Petersburg Judicial Courthouse,Pinellas,FL,US,2020-07-24,more than 100,100,,100,,,attorneys,for equal justice,0,protest,0,0,0,0,1,1,https://www.tampabay.com/news/2020/07/24/we-must-each-show-up-pinellas-lawyers-rally-for-equal-justice/,,,,
Bloomington,Bloomington Civic Center,,MN,US,2020-07-25,,,,,,,Bloomington Patriots,"Back the Blue, for police",2,march,,,,,1,1,https://unicornriot.ninja/2020/march-for-justice-challenges-back-the-blue-in-minneapolis-suburb/,,,Some participants scuffled with participants in BLM rally when the two crowds converged.,
Falls Church,"Gatehouse Administration Center, 8115 Gatehouse Rd",Fairfax,VA,US,2020-07-25,dozens,24,,24,,,parents,for in-person schooling during COVID-19 pandemic,0,rally,,,,,1,1,https://www.wusa9.com/article/news/education/parents-protest-districts-decisions-to-start-virtually/65-9fabc616-7548-4677-9cfc-fab55e2411f6,https://fairfaxgop.org/parents-rally-for-schools-to-reopen/,,,
Louisville,downtown,Jefferson,KY,US,2020-07-25,about 100,100,,100,,,Three Percenters,against BLM,0,counter-protest,0,0,0,0,0,1,https://www.tampabay.com/news/nation-world/2020/07/25/breonna-taylor-protest-brings-black-white-militias-to-louisville/,https://fairfaxgop.org/parents-rally-for-schools-to-reopen/,,,0
New York,Brooklyn; Brownsville,Kings,NY,US,2020-07-25,,,,,,,general protesters,against gun violence,0,march,,,,,1,1,https://twitter.com/mayawiley/status/1287134604399443968,,,,
Oakland,University of California,,CA,US,2020-07-25,,,,,,,UC students,support end of Janet Napolitano's presidency of the UC system,0,rally,,,,,1,1,https://sf.funcheap.com/fck-uc-cops-firings-layoffs/,,,,
Santa Rosa ,Courthouse Square Events,,CA,US,2020-07-25,,,,,,,general protestors,against Donald Trump,1,protest,,,,,1,1,https://www.instagram.com/p/CDCP2Rchahw/,,,,
Shaler Township,Shaler Area Middle School,,PA,US,2020-07-25,about 20,20,,20,,,general protesters,"Back the Blue, Blue Lives Matter, for police",1,counterprotest,,,,,1,1,https://www.pghcitypaper.com/pittsburgh/man-at-pro-police-counter-protest-shouts-kill-transgenders-at-black-lives-matter-rally-in-suburban-pittsburgh/Content?oid=17714023,,,,
Washington,Columbia Heights,,DC,US,2020-07-25,,,,,,,DC Tenants Union,for cancelling rent,0,rally,,,,,1,1,https://dcist.com/story/20/09/29/cancel-rent-strike-tenant-protest-dc-pandemic/,,,,
Fairfield,Nelda Mundy Elementary School,,CA,US,2020-07-26,,,,,,,"Youth4Visions, @FairfieldChange",seek better future for youth,0,march,,,,,1,1,https://www.instagram.com/p/CC1i836BbzJ/,,,,
Little Rock,Arkansas State Capitol,,AR,US,2020-07-26,around two dozen,24,,24,,,general protesters,against mandated mask wearing to prevent spread of COVID-19,2,protest,,,,,1,1,https://katv.com/news/local/arkansans-gather-outside-state-capitol-to-protest-against-mask-mandate,,,,
New York,Manhattan; Union Square,New York,NY,US,2020-07-26,,,,,,,general protesters,end US sanctions versus Cuba,1,protest,,,,,1,1,https://www.struggle-la-lucha.org/2020/07/11/new-york-july-26-u-s-hands-off-cuba/,https://twitter.com/jncatron/status/1282068402249650177?,,,
Oakland,Fruitvale Plaza,,CA,US,2020-07-26,,,,,,,general protestors,pro immigration; free migrant children,1,"rally, caravan",,,,,1,1,https://www.instagram.com/p/CDA6s3CB9yk/,http://oaklandprotest.today/index.html,,,
Petaluma,Fairgrounds,,CA,US,2020-07-26,,,,,,,general protestors,anti fascism,1,protest,,,,,1,1,https://www.instagram.com/p/CDAcSeqBdvm/,,,,
Redwood City,"Applebee's Parking Lot to Tanforan Mall, San Bruno",,CA,US,2020-07-26,,,,,,,"@bayarea_justice4vanessaguillen, LUPITA",seek justice for Sean Monterossa and Vanessa Guillen,1,caravan,,,,,1,1,https://www.instagram.com/p/CC4-fd1hyn6/,,,,
San Francisco,Crissy Field,,CA,US,2020-07-26,,,,,,,City Surf Project,seek justice for Sean Monterrosa and Daniel Gamboa,1,paddle out,,,,,1,1,https://www.instagram.com/p/CDASTMghJLK/,,,,
Kansas City,Jackson County Courthouse,,MO,US,2020-07-30,count video,30,,30,,,KC Tenants,for eviction moratorium during COVID-19 pandemic,1,rally,2,,,,1,1,https://www.thepitchkc.com/kc-tenants-hold-rally-to-end-evictions-as-coronavirus-protections-end/,https://www.nbcnews.com/news/us-news/activists-attempt-disrupt-kansas-city-eviction-court-after-coronavirus-moratorium-n1235387,https://www.facebook.com/events/590613154976209,,
New Orleans,New Orleans First City Court,,LA,US,2020-07-30,count video,50,,100,,,New Orleans Renters Rights Assembly,"for eviction moratorium, for cancelling rent during COVID-19 pandemic",0,blockade,,,,,1,1,https://www.vice.com/en_us/article/akz4pp/anti-eviction-protesters-just-blocked-people-from-entering-a-new-orleans-courthouse,,,,
West Hartford,to Governor's residence in Hartford,,CT,US,2020-07-30,400; 500,400,,500,,,teachers; Connecticut Education Association,support safe school reopening; express concern about existing plans,0,car caravans,0,0,0,0,1,1,https://www.middletownpress.com/local/article/Caravans-of-teachers-take-to-streets-to-demand-15445565.php?sid=5e3aab522c885e000c58cf63&utm_source=newsletter&utm_medium=email&utm_content=headlines&utm_campaign=CT_MP_NewsNow,https://twitter.com/KristenNBCCT/status/1288896907662839810,https://www.ctnewsjunkie.com/archives/entry/20200730_teachers_call_for_greater_safety_measures_in_reopening/#.XyMd0iEJFnU.twitter,,
Bethel,,,CT,US,2020-07-30,,,,,,,teachers; Connecticut Education Association,support safe school reopening; express concern about existing plans,0,car caravans,,,,,1,1,https://www.middletownpress.com/local/article/Caravans-of-teachers-take-to-streets-to-demand-15445565.php?sid=5e3aab522c885e000c58cf63&utm_source=newsletter&utm_medium=email&utm_content=headlines&utm_campaign=CT_MP_NewsNow,,,,
Bridgeport,,,CT,US,2020-07-30,,,,,,,teachers; Connecticut Education Association,support safe school reopening; express concern about existing plans,0,car caravans,,,,,1,1,https://www.middletownpress.com/local/article/Caravans-of-teachers-take-to-streets-to-demand-15445565.php?sid=5e3aab522c885e000c58cf63&utm_source=newsletter&utm_medium=email&utm_content=headlines&utm_campaign=CT_MP_NewsNow,,,,
Brookfield,,,CT,US,2020-07-30,,,,,,,teachers; Connecticut Education Association,support safe school reopening; express concern about existing plans,0,car caravans,,,,,1,1,https://www.middletownpress.com/local/article/Caravans-of-teachers-take-to-streets-to-demand-15445565.php?sid=5e3aab522c885e000c58cf63&utm_source=newsletter&utm_medium=email&utm_content=headlines&utm_campaign=CT_MP_NewsNow,,,,
Danbury,,,CT,US,2020-07-30,,,,,,,teachers; Connecticut Education Association,support safe school reopening; express concern about existing plans,0,car caravans,,,,,1,1,https://www.middletownpress.com/local/article/Caravans-of-teachers-take-to-streets-to-demand-15445565.php?sid=5e3aab522c885e000c58cf63&utm_source=newsletter&utm_medium=email&utm_content=headlines&utm_campaign=CT_MP_NewsNow,,,,
East Hartford,,,CT,US,2020-07-30,,,,,,,teachers; Connecticut Education Association,support safe school reopening; express concern about existing plans,0,car caravans,,,,,1,1,https://www.middletownpress.com/local/article/Caravans-of-teachers-take-to-streets-to-demand-15445565.php?sid=5e3aab522c885e000c58cf63&utm_source=newsletter&utm_medium=email&utm_content=headlines&utm_campaign=CT_MP_NewsNow,,,,
East Lyme,,,CT,US,2020-07-30,,,,,,,teachers; Connecticut Education Association,support safe school reopening; express concern about existing plans,0,car caravans,,,,,1,1,https://www.middletownpress.com/local/article/Caravans-of-teachers-take-to-streets-to-demand-15445565.php?sid=5e3aab522c885e000c58cf63&utm_source=newsletter&utm_medium=email&utm_content=headlines&utm_campaign=CT_MP_NewsNow,,,,
Greenwich,,,CT,US,2020-07-30,,,,,,,teachers; Connecticut Education Association,support safe school reopening; express concern about existing plans,0,car caravans,,,,,1,1,https://www.middletownpress.com/local/article/Caravans-of-teachers-take-to-streets-to-demand-15445565.php?sid=5e3aab522c885e000c58cf63&utm_source=newsletter&utm_medium=email&utm_content=headlines&utm_campaign=CT_MP_NewsNow,,,,
Haddam,,,CT,US,2020-07-30,,,,,,,teachers; Connecticut Education Association,support safe school reopening; express concern about existing plans,0,car caravans,,,,,1,1,https://www.middletownpress.com/local/article/Caravans-of-teachers-take-to-streets-to-demand-15445565.php?sid=5e3aab522c885e000c58cf63&utm_source=newsletter&utm_medium=email&utm_content=headlines&utm_campaign=CT_MP_NewsNow,,,,
Hamden,,,CT,US,2020-07-30,,,,,,,teachers; Connecticut Education Association,support safe school reopening; express concern about existing plans,0,car caravans,,,,,1,1,https://www.middletownpress.com/local/article/Caravans-of-teachers-take-to-streets-to-demand-15445565.php?sid=5e3aab522c885e000c58cf63&utm_source=newsletter&utm_medium=email&utm_content=headlines&utm_campaign=CT_MP_NewsNow,,,,
Ledyard,,,CT,US,2020-07-30,,,,,,,teachers; Connecticut Education Association,support safe school reopening; express concern about existing plans,0,car caravans,,,,,1,1,https://www.middletownpress.com/local/article/Caravans-of-teachers-take-to-streets-to-demand-15445565.php?sid=5e3aab522c885e000c58cf63&utm_source=newsletter&utm_medium=email&utm_content=headlines&utm_campaign=CT_MP_NewsNow,,,,
Naugatuck,,,CT,US,2020-07-30,,,,,,,teachers; Connecticut Education Association,support safe school reopening; express concern about existing plans,0,car caravans,,,,,1,1,https://www.middletownpress.com/local/article/Caravans-of-teachers-take-to-streets-to-demand-15445565.php?sid=5e3aab522c885e000c58cf63&utm_source=newsletter&utm_medium=email&utm_content=headlines&utm_campaign=CT_MP_NewsNow,,,,
New Haven,,,CT,US,2020-07-30,,,,,,,teachers; Connecticut Education Association,support safe school reopening; express concern about existing plans,0,car caravans,,,,,1,1,https://www.middletownpress.com/local/article/Caravans-of-teachers-take-to-streets-to-demand-15445565.php?sid=5e3aab522c885e000c58cf63&utm_source=newsletter&utm_medium=email&utm_content=headlines&utm_campaign=CT_MP_NewsNow,,,,
Norwalk,,,CT,US,2020-07-30,,,,,,,teachers; Connecticut Education Association,support safe school reopening; express concern about existing plans,0,car caravans,,,,,1,1,https://www.middletownpress.com/local/article/Caravans-of-teachers-take-to-streets-to-demand-15445565.php?sid=5e3aab522c885e000c58cf63&utm_source=newsletter&utm_medium=email&utm_content=headlines&utm_campaign=CT_MP_NewsNow,,,,
Norwich,,,CT,US,2020-07-30,,,,,,,teachers; Connecticut Education Association,support safe school reopening; express concern about existing plans,0,car caravans,,,,,1,1,https://www.middletownpress.com/local/article/Caravans-of-teachers-take-to-streets-to-demand-15445565.php?sid=5e3aab522c885e000c58cf63&utm_source=newsletter&utm_medium=email&utm_content=headlines&utm_campaign=CT_MP_NewsNow,,,,
Putnam,,,CT,US,2020-07-30,,,,,,,teachers; Connecticut Education Association,support safe school reopening; express concern about existing plans,0,car caravans,,,,,1,1,https://www.middletownpress.com/local/article/Caravans-of-teachers-take-to-streets-to-demand-15445565.php?sid=5e3aab522c885e000c58cf63&utm_source=newsletter&utm_medium=email&utm_content=headlines&utm_campaign=CT_MP_NewsNow,,,,
San Jose,City Hall,,CA,US,2020-07-30,,,,,,,general protestors,abolish ICE; against human trafficking,1,protest,,,,,1,1,https://www.instagram.com/p/CDNCOGZBAIj/,,,,
Seymour,,,CT,US,2020-07-30,,,,,,,teachers; Connecticut Education Association,support safe school reopening; express concern about existing plans,0,car caravans,,,,,1,1,https://www.middletownpress.com/local/article/Caravans-of-teachers-take-to-streets-to-demand-15445565.php?sid=5e3aab522c885e000c58cf63&utm_source=newsletter&utm_medium=email&utm_content=headlines&utm_campaign=CT_MP_NewsNow,,,,
Simsbury,,,CT,US,2020-07-30,,,,,,,teachers; Connecticut Education Association,support safe school reopening; express concern about existing plans,0,car caravans,,,,,1,1,https://www.middletownpress.com/local/article/Caravans-of-teachers-take-to-streets-to-demand-15445565.php?sid=5e3aab522c885e000c58cf63&utm_source=newsletter&utm_medium=email&utm_content=headlines&utm_campaign=CT_MP_NewsNow,,,,
Stamford,,,CT,US,2020-07-30,,,,,,,teachers; Connecticut Education Association,support safe school reopening; express concern about existing plans,0,car caravans,,,,,1,1,https://www.middletownpress.com/local/article/Caravans-of-teachers-take-to-streets-to-demand-15445565.php?sid=5e3aab522c885e000c58cf63&utm_source=newsletter&utm_medium=email&utm_content=headlines&utm_campaign=CT_MP_NewsNow,,,,
Stonington,,,CT,US,2020-07-30,,,,,,,teachers; Connecticut Education Association,support safe school reopening; express concern about existing plans,0,car caravans,,,,,1,1,https://www.middletownpress.com/local/article/Caravans-of-teachers-take-to-streets-to-demand-15445565.php?sid=5e3aab522c885e000c58cf63&utm_source=newsletter&utm_medium=email&utm_content=headlines&utm_campaign=CT_MP_NewsNow,,,,
Stratford,,,CT,US,2020-07-30,,,,,,,teachers; Connecticut Education Association,support safe school reopening; express concern about existing plans,0,car caravans,,,,,1,1,https://www.middletownpress.com/local/article/Caravans-of-teachers-take-to-streets-to-demand-15445565.php?sid=5e3aab522c885e000c58cf63&utm_source=newsletter&utm_medium=email&utm_content=headlines&utm_campaign=CT_MP_NewsNow,,,,
Vernon,,,CT,US,2020-07-30,,,,,,,teachers; Connecticut Education Association,support safe school reopening; express concern about existing plans,0,car caravans,,,,,1,1,https://www.middletownpress.com/local/article/Caravans-of-teachers-take-to-streets-to-demand-15445565.php?sid=5e3aab522c885e000c58cf63&utm_source=newsletter&utm_medium=email&utm_content=headlines&utm_campaign=CT_MP_NewsNow,,,,
Willimantic,,,CT,US,2020-07-30,,,,,,,teachers; Connecticut Education Association,support safe school reopening; express concern about existing plans,0,car caravans,,,,,1,1,https://www.middletownpress.com/local/article/Caravans-of-teachers-take-to-streets-to-demand-15445565.php?sid=5e3aab522c885e000c58cf63&utm_source=newsletter&utm_medium=email&utm_content=headlines&utm_campaign=CT_MP_NewsNow,,,,
Wolcott,,,CT,US,2020-07-30,,,,,,,teachers; Connecticut Education Association,support safe school reopening; express concern about existing plans,0,car caravans,,,,,1,1,https://www.middletownpress.com/local/article/Caravans-of-teachers-take-to-streets-to-demand-15445565.php?sid=5e3aab522c885e000c58cf63&utm_source=newsletter&utm_medium=email&utm_content=headlines&utm_campaign=CT_MP_NewsNow,,,,
Woodbridge,,,CT,US,2020-07-30,,,,,,,teachers; Connecticut Education Association,support safe school reopening; express concern about existing plans,0,car caravans,,,,,1,1,https://www.middletownpress.com/local/article/Caravans-of-teachers-take-to-streets-to-demand-15445565.php?sid=5e3aab522c885e000c58cf63&utm_source=newsletter&utm_medium=email&utm_content=headlines&utm_campaign=CT_MP_NewsNow,,,,
Phoenix,Arizona State Capitol,,AZ,US,2020-07-31,hundreds,200,,200,,,general protesters,"against child sex trafficking, #savethechildren",0,rally,,,,,1,1,https://www.azfamily.com/news/200-raise-awareness-of-sex-trafficking-at-rally-at-arizona-capitol/article_8f52744a-d3ae-11ea-9cb1-d34a16477976.html,,,,
Shiprock,,,NM,US,2020-07-31,,,,,,,general protesters,against local hemp farm,0,protest,,,,,1,1,https://navajotimes.com/reznews/residents-force-leaderships-attention-to-hemp-controversy/,,,,